item_id,source,environment,disposition,reason
@src/appendix/ft_mps/ch08_wielandt.tex:110,src/appendix/ft_mps/ch08_wielandt.tex,remark,tn,tensor-network remark
@src/appendix/ft_mps/ch09_canonical_blocking_and_sectors.tex:645,src/appendix/ft_mps/ch09_canonical_blocking_and_sectors.tex,remark,tn,tensor-network remark
@src/chapter/ch02_mps.tex:217,src/chapter/ch02_mps.tex,remark,tn,tensor-network remark
@src/chapter/ch02_mps.tex:322,src/chapter/ch02_mps.tex,remark,tn,tensor-network remark
@src/chapter/ch02_mps.tex:661,src/chapter/ch02_mps.tex,remark,tn,tensor-network remark
@src/chapter/ch04_channels_positive_map_and_channel_foundations.tex:18,src/chapter/ch04_channels_positive_map_and_channel_foundations.tex,remark,qic,quantum-information remark
@src/chapter/ch06_qpf.tex:715,src/chapter/ch06_qpf.tex,remark,tn,tensor-network remark
@src/chapter/ch08_wielandt_cumulative_bound.tex:1056,src/chapter/ch08_wielandt_cumulative_bound.tex,remark,tn,tensor-network remark
@src/chapter/ch08_wielandt_cumulative_bound.tex:1327,src/chapter/ch08_wielandt_cumulative_bound.tex,remark,tn,tensor-network remark
@src/chapter/ch08_wielandt_fixed_length_and_normality.tex:235,src/chapter/ch08_wielandt_fixed_length_and_normality.tex,remark,tn,tensor-network remark
@src/chapter/ch08_wielandt_fixed_length_and_normality.tex:426,src/chapter/ch08_wielandt_fixed_length_and_normality.tex,remark,tn,tensor-network remark
@src/chapter/ch08_wielandt_word_span_and_block_injectivity.tex:111,src/chapter/ch08_wielandt_word_span_and_block_injectivity.tex,remark,tn,tensor-network remark
@src/chapter/ch09_canonical_forms_and_projectors_auxiliary.tex:314,src/chapter/ch09_canonical_forms_and_projectors_auxiliary.tex,remark,tn,tensor-network remark
@src/chapter/ch09_canonical_forms_and_projectors_auxiliary.tex:946,src/chapter/ch09_canonical_forms_and_projectors_auxiliary.tex,remark,tn,tensor-network remark
@src/chapter/ch09_canonical_forms_and_projectors_auxiliary.tex:958,src/chapter/ch09_canonical_forms_and_projectors_auxiliary.tex,remark,tn,tensor-network remark
@src/chapter/ch09_canonical_normal_forms_and_support_auxiliary.tex:415,src/chapter/ch09_canonical_normal_forms_and_support_auxiliary.tex,remark,tn,tensor-network remark
@src/chapter/ch15_examples_ghz.tex:154,src/chapter/ch15_examples_ghz.tex,remark,tn,tensor-network remark
@src/chapter/ch16_channel_representations_normal_forms_and_determinant.tex:140,src/chapter/ch16_channel_representations_normal_forms_and_determinant.tex,remark,qic,quantum-information remark
@src/chapter/ch17_semigroup_dissipation_and_primitivity.tex:405,src/chapter/ch17_semigroup_dissipation_and_primitivity.tex,remark,qic,quantum-information remark
@src/chapter/ch17_semigroup_dissipation_and_primitivity.tex:413,src/chapter/ch17_semigroup_dissipation_and_primitivity.tex,remark,qic,quantum-information remark
@src/chapter/ch18_operator_convexity_schwarz_and_jensen.tex:59,src/chapter/ch18_operator_convexity_schwarz_and_jensen.tex,remark,qic,quantum-information remark
@src/chapter/ch19_entropy_von_neumann_and_relative_i.tex:157,src/chapter/ch19_entropy_von_neumann_and_relative_i.tex,remark,qic,quantum-information remark
@src/chapter/ch21_mpdo_rfp_area_law_diagonal_and_pure_state_bounds.tex:1720,src/chapter/ch21_mpdo_rfp_area_law_diagonal_and_pure_state_bounds.tex,remark,tn,tensor-network remark
@src/chapter/ch21_mpdo_rfp_bnt_coefficients.tex:1302,src/chapter/ch21_mpdo_rfp_bnt_coefficients.tex,remark,tn,tensor-network remark
@src/chapter/ch21_mpdo_rfp_commuting_form_bond_products.tex:388,src/chapter/ch21_mpdo_rfp_commuting_form_bond_products.tex,remark,tn,tensor-network remark
@src/chapter/ch21_mpdo_rfp_commuting_form_bond_products.tex:596,src/chapter/ch21_mpdo_rfp_commuting_form_bond_products.tex,remark,tn,tensor-network remark
@src/chapter/ch21_mpdo_rfp_commuting_form_cyclic_active_markov.tex:433,src/chapter/ch21_mpdo_rfp_commuting_form_cyclic_active_markov.tex,remark,tn,tensor-network remark
@src/chapter/ch21_mpdo_rfp_simple_local_normalized_preparations_completed_channels.tex:560,src/chapter/ch21_mpdo_rfp_simple_local_normalized_preparations_completed_channels.tex,remark,tn,tensor-network remark
@src/chapter/ch23_algebraic_ft_direct_sums_and_symmetry.tex:42,src/chapter/ch23_algebraic_ft_direct_sums_and_symmetry.tex,remark,tn,tensor-network remark
@src/chapter/ch23_algebraic_ft_direct_sums_and_symmetry.tex:68,src/chapter/ch23_algebraic_ft_direct_sums_and_symmetry.tex,remark,tn,tensor-network remark
@src/chapter/ch23_algebraic_ft_direct_sums_and_symmetry.tex:92,src/chapter/ch23_algebraic_ft_direct_sums_and_symmetry.tex,remark,tn,tensor-network remark
@src/chapter/ch23_algebraic_ft_direct_sums_and_symmetry.tex:113,src/chapter/ch23_algebraic_ft_direct_sums_and_symmetry.tex,remark,tn,tensor-network remark
@src/chapter/ch23_algebraic_ft_injective_chains_and_product_algebra.tex:303,src/chapter/ch23_algebraic_ft_injective_chains_and_product_algebra.tex,remark,tn,tensor-network remark
@src/chapter/ch24_peps_ft_balanced_edge_scalars.tex:290,src/chapter/ch24_peps_ft_balanced_edge_scalars.tex,remark,tn,tensor-network remark
@src/chapter/ch24_peps_ft_edge_kernel_gauges_absorption_scalar_comparison.tex:231,src/chapter/ch24_peps_ft_edge_kernel_gauges_absorption_scalar_comparison.tex,remark,tn,tensor-network remark
@src/chapter/ch24_peps_ft_region_transfer_covariance.tex:326,src/chapter/ch24_peps_ft_region_transfer_covariance.tex,remark,tn,tensor-network remark
@src/chapter/ch25_positive_not_cp_positivity_reduction_and_breuer_hall.tex:315,src/chapter/ch25_positive_not_cp_positivity_reduction_and_breuer_hall.tex,remark,qic,quantum-information remark
@src/chapter/ch26_mps_rfp_renormalization_flow_correlations.tex:261,src/chapter/ch26_mps_rfp_renormalization_flow_correlations.tex,remark,tn,tensor-network remark
@src/chapter/ch26_mps_rfp_zero_correlation_length.tex:893,src/chapter/ch26_mps_rfp_zero_correlation_length.tex,remark,tn,tensor-network remark
@src/chapter/ch27_channel_asymptotics_fixed_point_algebras.tex:94,src/chapter/ch27_channel_asymptotics_fixed_point_algebras.tex,remark,qic,quantum-information remark
@src/chapter/ch27_channel_asymptotics_wedderburn_ii.tex:687,src/chapter/ch27_channel_asymptotics_wedderburn_ii.tex,remark,qic,quantum-information remark
@src/chapter/ch28_mpu.tex:3085,src/chapter/ch28_mpu.tex,remark,tn,tensor-network remark
@src/chapter/ch28_mpu.tex:3131,src/chapter/ch28_mpu.tex,remark,tn,tensor-network remark
FundamentalMPU,src/chapter/ch28_mpu.tex,theorem,tn,matrix-product-unitary statement
IndexTh,src/chapter/ch28_mpu.tex,theorem,tn,matrix-product-unitary statement
PropChiral,src/chapter/ch28_mpu.tex,proposition,tn,matrix-product-unitary statement
SF,src/chapter/ch28_mpu.tex,definition,tn,matrix-product-unitary statement
ThmFund1,src/chapter/ch28_mpu.tex,theorem,tn,matrix-product-unitary statement
conjphs,src/chapter/ch28_mpu.tex,theorem,tn,matrix-product-unitary statement
cor:all-equivalent-under-conjugation,src/chapter/ch28_mpu.tex,corollary,tn,matrix-product-unitary statement
cor:cpsv_corollary211_printed_status,src/chapter/ch11_fundamental_theorem_cases.tex,corollary,tn,matrix-product-state canonical-form statement
cor:cpsv_corollary_a6_printed_status,src/chapter/ch11_fundamental_theorem_cases.tex,corollary,tn,matrix-product-state canonical-form statement
cor:cpsv_iii_cor3_status,src/chapter/ch26_mps_rfp_direct_sums_residual_isometries.tex,corollary,tn,matrix-product-state renormalization statement
cor:equiv-under-conjugation,src/chapter/ch28_mpu.tex,corollary,tn,matrix-product-unitary statement
cor:exists_constant_injectivePEPS_of_translationInvariantState,src/chapter/ch24_peps_ft_normal_capstone_site_dependent_and_vertex_injective.tex,corollary,tn,projected-entangled-pair-state statement
cor:mpu_admissible_all_conjugation_equivalent,src/chapter/ch28_mpu.tex,corollary,tn,matrix-product-unitary statement
cor:mpu_admissible_continuous_standard_form,src/chapter/ch28_mpu.tex,corollary,tn,matrix-product-unitary statement
cor:mpu_admissible_equiv_under_conjugation,src/chapter/ch28_mpu.tex,corollary,tn,matrix-product-unitary statement
cor:mpu_admissible_sigma_equivalence_necessary,src/chapter/ch28_mpu.tex,corollary,tn,matrix-product-unitary statement
cor:mpu_admissible_symplectic_to_orthogonal,src/chapter/ch28_mpu.tex,corollary,tn,matrix-product-unitary statement
cor:sigma-equivalence-necessary,src/chapter/ch28_mpu.tex,corollary,tn,matrix-product-unitary statement
cor:sympl-to-orthogonal,src/chapter/ch28_mpu.tex,corollary,tn,matrix-product-unitary statement
corconj,src/chapter/ch28_mpu.tex,proposition,tn,matrix-product-unitary statement
coruvSF,src/chapter/ch28_mpu.tex,corollary,tn,matrix-product-unitary statement
def:equivalent-symmetry,src/chapter/ch28_mpu.tex,definition,tn,matrix-product-unitary statement
def:index,src/chapter/ch28_mpu.tex,definition,tn,matrix-product-unitary statement
def:mpdo_virtual_perBlockLinearExtension,src/chapter/ch21_mpdo_rfp_bnt_theorem_data.tex,definition,tn,matrix-product-density-operator statement
def:mpu_admissible_equivalence_datum,src/chapter/ch28_mpu.tex,definition,tn,matrix-product-unitary statement
def:mpu_admissible_index,src/chapter/ch28_mpu.tex,definition,tn,matrix-product-unitary statement
def:mpu_admissible_standard_form,src/chapter/ch28_mpu.tex,definition,tn,matrix-product-unitary statement
def:mpu_admissible_strict_symmetry_equivalence,src/chapter/ch28_mpu.tex,definition,tn,matrix-product-unitary statement
def:mpu_admissible_symmetry_equivalence,src/chapter/ch28_mpu.tex,definition,tn,matrix-product-unitary statement
def:mpu_reduced_full_support_source_datum,src/chapter/ch28_mpu.tex,definition,tn,matrix-product-unitary statement
def:positive_map_rectangular,src/chapter/ch04_channels_positive_map_and_channel_foundations.tex,definition,qic,rectangular positive linear maps
def:source_periodic_string_overlap,src/chapter/ch12_symmetry_string_order.tex,definition,tn,matrix-product-state symmetry statement
def:strictly-equivalent-symmetry,src/chapter/ch28_mpu.tex,definition,tn,matrix-product-unitary statement
def:trace_preserving_rectangular,src/chapter/ch04_channels_positive_map_and_channel_foundations.tex,definition,qic,rectangular trace-preserving maps
eq:mpdo_eta_bond_assembly,src/chapter/ch21_mpdo_rfp_commuting_form_cyclic_active_markov.tex,remark,tn,matrix-product-density-operator statement
eq:sigma-from-trace,src/chapter/ch28_mpu.tex,lemma,tn,matrix-product-unitary statement
ex:all-phases-under-conjugation,src/chapter/ch28_mpu.tex,proposition,tn,matrix-product-unitary statement
ex:dagger-all-but-czx,src/chapter/ch28_mpu.tex,proposition,tn,matrix-product-unitary statement
ex:mpu_admissible_all_conjugation_phases,src/chapter/ch28_mpu.tex,proposition,tn,matrix-product-unitary statement
ex:mpu_admissible_czx,src/chapter/ch28_mpu.tex,proposition,tn,matrix-product-unitary statement
ex:mpu_admissible_time_reversal_classes,src/chapter/ch28_mpu.tex,proposition,tn,matrix-product-unitary statement
example:czx,src/chapter/ch28_mpu.tex,proposition,tn,matrix-product-unitary statement
index-well-defined,src/chapter/ch28_mpu.tex,proposition,tn,matrix-product-unitary statement
lem:cpsv_power_sum_printed_status,src/chapter/ch10_bnt_permutation_and_power_sums.tex,lemma,tn,matrix-product-state canonical-form statement
lem:equivalent-symmetry,src/chapter/ch28_mpu.tex,lemma,tn,matrix-product-unitary statement
lem:matrix_rectangular_charpoly_cyclicity,src/chapter/ch21_mpdo_rfp_gsnnch_definitions.tex,lemma,qic,rectangular matrix characteristic polynomials
lem:mpu_admissible_index_composition,src/chapter/ch28_mpu.tex,lemma,tn,matrix-product-unitary statement
lem:mpu_admissible_index_tensor,src/chapter/ch28_mpu.tex,lemma,tn,matrix-product-unitary statement
lem:mpu_admissible_sigma_gauge_invariant,src/chapter/ch28_mpu.tex,lemma,tn,matrix-product-unitary statement
lem:mpu_admissible_sigma_trace,src/chapter/ch28_mpu.tex,lemma,tn,matrix-product-unitary statement
lem:mpu_admissible_source_u_isometry,src/chapter/ch28_mpu.tex,lemma,tn,matrix-product-unitary statement
lem:mpu_admissible_swap_symmetry_equivalence,src/chapter/ch28_mpu.tex,lemma,tn,matrix-product-unitary statement
lem:mpu_admissible_symmetry_path_criterion,src/chapter/ch28_mpu.tex,lemma,tn,matrix-product-unitary statement
lem:mpu_index_composition,src/chapter/ch28_mpu.tex,lemma,tn,matrix-product-unitary statement
lem:mpu_index_tensor,src/chapter/ch28_mpu.tex,lemma,tn,matrix-product-unitary statement
lem:mpu_sigma_gauge_invariant,src/chapter/ch28_mpu.tex,lemma,tn,matrix-product-unitary statement
lem:peps_injectiveRegion_union,src/chapter/ch24_peps_ft_normal_union.tex,lemma,tn,projected-entangled-pair-state statement
lem:pgwsvc08_twisted_spectral_radius,src/chapter/ch12_symmetry_string_order.tex,lemma,tn,matrix-product-state symmetry statement
lemma:conjclass-normalform-continuous,src/chapter/ch28_mpu.tex,lemma,tn,matrix-product-unitary statement
lemma:sym-trafo-swap,src/chapter/ch28_mpu.tex,lemma,tn,matrix-product-unitary statement
lemuisometry,src/chapter/ch28_mpu.tex,lemma,tn,matrix-product-unitary statement
prop1conj,src/chapter/ch28_mpu.tex,proposition,tn,matrix-product-unitary statement
prop:U1-U2-equiv-ancillatrick,src/chapter/ch28_mpu.tex,proposition,tn,matrix-product-unitary statement
prop:U2-U3-trivial-conjugation,src/chapter/ch28_mpu.tex,proposition,tn,matrix-product-unitary statement
prop:U2-U3-trivial-tr-transpose,src/chapter/ch28_mpu.tex,proposition,tn,matrix-product-unitary statement
prop:conjsym-strict-equiv,src/chapter/ch28_mpu.tex,theorem,tn,matrix-product-unitary statement
prop:continuity-index,src/chapter/ch28_mpu.tex,proposition,tn,matrix-product-unitary statement
prop:dagger-mps-class-and-mpu-class-equal,src/chapter/ch28_mpu.tex,proposition,tn,matrix-product-unitary statement
prop:eqiv-U1-U2-conjugate,src/chapter/ch28_mpu.tex,proposition,tn,matrix-product-unitary statement
prop:local-char-transposition,src/chapter/ch28_mpu.tex,proposition,tn,matrix-product-unitary statement
prop:mps-class-eq-mpu-class-for-conjugation,src/chapter/ch28_mpu.tex,proposition,tn,matrix-product-unitary statement
prop:mpu_admissible_conjugation_standard_forms,src/chapter/ch28_mpu.tex,proposition,tn,matrix-product-unitary statement
prop:mpu_admissible_conjugation_symmetry,src/chapter/ch28_mpu.tex,proposition,tn,matrix-product-unitary statement
prop:mpu_admissible_continuity_index,src/chapter/ch28_mpu.tex,proposition,tn,matrix-product-unitary statement
prop:mpu_admissible_index_well_defined,src/chapter/ch28_mpu.tex,proposition,tn,matrix-product-unitary statement
prop:mpu_admissible_local_time_reversal,src/chapter/ch28_mpu.tex,proposition,tn,matrix-product-unitary statement
prop:mpu_admissible_local_transposition,src/chapter/ch28_mpu.tex,proposition,tn,matrix-product-unitary statement
prop:mpu_admissible_mps_conjugation_class,src/chapter/ch28_mpu.tex,proposition,tn,matrix-product-unitary statement
prop:mpu_admissible_mps_time_reversal_class,src/chapter/ch28_mpu.tex,proposition,tn,matrix-product-unitary statement
prop:mpu_admissible_sigma_blocking_parity,src/chapter/ch28_mpu.tex,proposition,tn,matrix-product-unitary statement
prop:mpu_admissible_sigma_well_defined,src/chapter/ch28_mpu.tex,proposition,tn,matrix-product-unitary statement
prop:mpu_admissible_u1_u2_ancilla,src/chapter/ch28_mpu.tex,proposition,tn,matrix-product-unitary statement
prop:mpu_admissible_u1_u2_conjugation,src/chapter/ch28_mpu.tex,proposition,tn,matrix-product-unitary statement
prop:mpu_admissible_u2_u3_conjugation,src/chapter/ch28_mpu.tex,proposition,tn,matrix-product-unitary statement
prop:mpu_admissible_u2_u3_time_reversal_transposition,src/chapter/ch28_mpu.tex,proposition,tn,matrix-product-unitary statement
prop:sigma-well-defined,src/chapter/ch28_mpu.tex,proposition,tn,matrix-product-unitary statement
prop:sigma1-and-sigma2-equal,src/chapter/ch28_mpu.tex,proposition,tn,matrix-product-unitary statement
prop:threeMPU_standard_forms,src/chapter/ch28_mpu.tex,proposition,tn,matrix-product-unitary statement
rem:adjoint_fp_more_general,src/chapter/ch04_channels_peripheral_spectrum_and_primitivity.tex,remark,qic,quantum-channel fixed-point theory
rem:aklt_parent_hamiltonian,src/chapter/ch15_examples_parent_hamiltonians.tex,remark,tn,tensor-network example
rem:aklt_so3_spt,src/chapter/ch15_examples_aklt.tex,remark,tn,tensor-network example
rem:aklt_z2z2_spt,src/chapter/ch15_examples_aklt.tex,remark,tn,tensor-network example
rem:aperiodicity,src/appendix/ft_mps/ch08_wielandt.tex,remark,tn,MPS normality comparison
rem:arbitrary_input_reduction_gap,src/chapter/ch10_bnt_sector_canonical_form.tex,remark,tn,matrix-product-state canonical-form statement
rem:bicanonical_special_case,src/chapter/ch04_channels_peripheral_spectrum_and_primitivity.tex,remark,qic,quantum-channel fixed-point normalization
rem:blocked_lemma2b_gap,src/chapter/ch08_wielandt_fixed_length_and_normality.tex,remark,tn,MPS blocked fixed-length construction
rem:cf_injective_vs_normal,src/chapter/ch02_mps.tex,remark,tn,matrix-product-state statement
rem:cluster_injective_blocked,src/chapter/ch15_examples_cluster_state.tex,remark,tn,tensor-network example
rem:cluster_stabilizer_convention,src/chapter/ch15_examples_parent_hamiltonians.tex,remark,tn,tensor-network example
rem:contiguous_restriction_ground_space_map_intersection,src/chapter/ch13_parent_hamiltonian_injective_ground_spaces_intersection_property.tex,remark,tn,parent-Hamiltonian statement
rem:cor_4_1_projective_rep_spt,src/chapter/ch22_periodic_ft_physical_symmetries.tex,remark,tn,periodic matrix-product-state statement
rem:correlations_parent_hamiltonian,src/chapter/ch14_correlations.tex,remark,tn,matrix-product-state correlation statement
rem:cp_radon_nikodym_scope,src/chapter/ch16_channel_representations_dilations_and_ordered_cp.tex,remark,qic,completely positive map order
rem:cpgsv_canonical_form_source,src/chapter/ch09_canonical_forms_and_projectors_auxiliary.tex,remark,tn,matrix-product-state canonical-form statement
rem:cumspan_counterexample,src/appendix/ft_mps/ch08_wielandt.tex,remark,qic,finite Kraus-family word-span example
rem:d1_bypasses_aperiodicity,src/chapter/ch08_wielandt_word_span_and_block_injectivity.tex,remark,qic,finite Kraus-family word-span theorem
rem:decomposition_nonunique,src/chapter/ch23_algebraic_ft_foundations.tex,remark,tn,algebraic matrix-product-state statement
rem:ft_vs_singleBlock,src/chapter/ch23_algebraic_ft_injective_chains_and_product_algebra.tex,remark,tn,algebraic matrix-product-state statement
rem:gauge_conventions,src/chapter/ch07_spectral_mixed_transfer_and_overlap.tex,remark,tn,matrix-product-tensor spectral statement
rem:ghz_parent_interaction,src/chapter/ch15_examples_parent_hamiltonians.tex,remark,tn,tensor-network example
rem:injective_symmetry_ft_route,src/chapter/ch12_symmetry_virtual_and_cohomology.tex,remark,tn,matrix-product-state symmetry statement
rem:irreducible_form_higher_periods,src/chapter/ch22_periodic_ft_irreducible_rotation.tex,remark,tn,periodic matrix-product-state statement
rem:lemma2b_status,src/chapter/ch08_wielandt_fixed_length_and_normality.tex,remark,tn,MPS quantitative and blocked rank-one comparison
rem:majumdar_ghosh_bond_dimension,src/chapter/ch15_examples_majumdar_ghosh.tex,remark,tn,tensor-network example
rem:mpdo_algebra_tower_to_zcl_gap,src/chapter/ch21_mpdo_rfp_algebra_tower.tex,remark,tn,matrix-product-density-operator statement
rem:mpdo_bnt_label_length_independent_topological,src/chapter/ch21_mpdo_rfp_bnt_coefficients.tex,remark,tn,matrix-product-density-operator statement
rem:mpdo_prop4to2_sectorwise_zcl_boundary,src/chapter/ch21_mpdo_rfp_simple_local_markov_bnt_compression.tex,remark,tn,matrix-product-density-operator statement
rem:mpdo_sal_zcl_rank_one_normalization_boundary,src/chapter/ch21_mpdo_rfp_simple_local_structure_capstone.tex,remark,tn,matrix-product-density-operator statement
rem:mpdo_topological_gibbs_length_one_boundary,src/chapter/ch21_mpdo_rfp_fusion_isometries_recursive_density.tex,remark,tn,matrix-product-density-operator statement
rem:normalcf_bnt_gap,src/chapter/ch09_canonical_normal_forms_and_support_auxiliary.tex,remark,tn,matrix-product-state canonical-form statement
rem:periodic_vs_blocking_ft,src/chapter/ch22_periodic_ft_overlap_sector_match_and_consequences.tex,remark,tn,periodic matrix-product-state statement
rem:periodicity_removal_spectral,src/chapter/ch04_channels_peripheral_spectrum_and_primitivity.tex,remark,qic,quantum-channel peripheral spectrum
rem:peripheral_conventions_channels,src/chapter/ch04_channels_peripheral_spectrum_and_primitivity.tex,remark,qic,quantum-channel peripheral spectrum
rem:physRealize_mul_general,src/chapter/ch23_algebraic_ft_foundations.tex,remark,tn,algebraic matrix-product-state statement
rem:prim_definition_mismatch,src/chapter/ch08_wielandt_fixed_length_and_normality.tex,remark,tn,comparison of MPS primitivity definitions
rem:primitive_period_one_characterization,src/chapter/ch04_channels_peripheral_spectrum_and_primitivity.tex,remark,qic,quantum-channel primitivity
rem:proportional_length_scalar_gap,src/chapter/ch11_fundamental_theorem_core.tex,remark,tn,matrix-product-state canonical-form statement
rem:ring_vs_alg,src/chapter/ch23_algebraic_ft_injective_chains_and_product_algebra.tex,remark,tn,algebraic matrix-product-state statement
rem:spectral_hypothesis,src/chapter/ch14_correlations.tex,remark,tn,matrix-product-state correlation statement
rem:spt_scalar_character_conventions,src/chapter/ch12_symmetry_spt.tex,remark,tn,matrix-product-state symmetry statement
rem:stationary_support_todo,src/chapter/ch27_channel_asymptotics_fixed_points_and_wedderburn_i.tex,remark,qic,quantum-channel stationary support
rem:string_order_symmetry_diagnostic,src/chapter/ch12_symmetry_spt.tex,remark,tn,matrix-product-state symmetry statement
rem:thm_4_1_continuum_limit,src/chapter/ch22_periodic_ft_refinement_divisibility.tex,remark,tn,periodic matrix-product-state statement
rem:tp_vs_unital,src/chapter/ch09_canonical_normal_forms_and_support_auxiliary.tex,remark,tn,matrix-product-state canonical-form statement
rem:w_state_ti_bound,src/chapter/ch15_examples_w_state.tex,remark,tn,tensor-network example
rem:zero_correlation_length,src/chapter/ch26_mps_rfp_renormalization_flow_correlations.tex,remark,tn,matrix-product-state renormalization statement
thm:brouwer_simplex,src/chapter/ch06_qpf.tex,theorem,qic,finite-dimensional fixed-point theorem
thm:cpsv_charact_mps_status,src/chapter/ch26_mps_rfp_direct_sums_residual_isometries.tex,theorem,tn,matrix-product-state renormalization statement
thm:cpsv_examples410_412_status,src/chapter/ch21_mpdo_rfp_simple_local_structure_capstone.tex,theorem,tn,matrix-product-density-operator statement
thm:cpsv_main_mps_status,src/chapter/ch26_mps_rfp_zero_correlation_length.tex,theorem,tn,matrix-product-state renormalization statement
thm:cpsv_prop27_printed_status,src/chapter/ch10_bnt_definitions_and_characterization.tex,theorem,tn,matrix-product-state canonical-form statement
thm:cpsv_prop45_printed_status,src/chapter/ch21_mpdo_rfp_area_law_mixed_state_bounds.tex,theorem,tn,matrix-product-density-operator statement
thm:cpsv_prop_c14_printed_status,src/chapter/ch21_mpdo_rfp_gsnnch_definitions.tex,theorem,tn,matrix-product-density-operator statement
thm:cpsv_rfp_gauge_printed_status,src/chapter/ch26_mps_rfp_renormalization_flow_correlations.tex,theorem,tn,matrix-product-state renormalization statement
thm:cpsv_theorem210_printed_status,src/chapter/ch11_fundamental_theorem_cases.tex,theorem,tn,matrix-product-state canonical-form statement
thm:cpsv_theorem414_printed_status,src/chapter/ch21_mpdo_rfp_fusion_isometries_product_laws.tex,theorem,tn,matrix-product-density-operator statement
thm:cpsv_theorem44_printed_status,src/chapter/ch21_mpdo_rfp_foundations.tex,theorem,tn,matrix-product-density-operator statement
thm:cpsv_theorem49_printed_status,src/chapter/ch21_mpdo_rfp_simple_local_structure_capstone.tex,theorem,tn,matrix-product-density-operator statement
thm:cpsv_theorem_zcl_pure_status,src/chapter/ch26_mps_rfp_zero_correlation_length.tex,theorem,tn,matrix-product-state renormalization statement
thm:fundamentalTheorem_normalPEPS,src/chapter/ch24_peps_ft_normal_capstone_normal_peps.tex,theorem,tn,projected-entangled-pair-state statement
thm:fundamentalTheorem_normalSquarePEPS,src/chapter/ch24_peps_ft_normal_square_blocking_and_fundamental.tex,theorem,tn,projected-entangled-pair-state statement
thm:kraus_conjTranspose_mul_eq_of_map_eq,src/chapter/ch16_channel_representations_choi_and_kraus.tex,theorem,qic,Kraus representation freedom
thm:kraus_dual_eq_of_map_eq,src/chapter/ch16_channel_representations_choi_and_kraus.tex,theorem,qic,Kraus representation freedom
thm:kraus_isometry_freedom_iff,src/chapter/ch16_channel_representations_choi_and_kraus.tex,theorem,qic,Kraus representation freedom
thm:kraus_same_map_of_isometry_combination,src/chapter/ch16_channel_representations_choi_and_kraus.tex,theorem,qic,Kraus representation freedom
thm:kraus_sum_conjTranspose_mul_of_tp,src/chapter/ch16_channel_representations_choi_and_kraus.tex,theorem,qic,Kraus representation of trace preservation
thm:kraus_unitary_freedom_iff,src/chapter/ch16_channel_representations_choi_and_kraus.tex,theorem,qic,Kraus representation freedom
thm:lorentz_normal_form_qubit,src/chapter/ch16_channel_representations_normal_forms_and_determinant.tex,theorem,qic,qubit positive-map normal form
thm:majumdar_ghosh_ground_space,src/chapter/ch15_examples_majumdar_ghosh.tex,theorem,tn,tensor-network example
thm:mpdo_positive_perBlockLinearExtension_unitary,src/chapter/ch21_mpdo_rfp_bnt_theorem_data.tex,theorem,tn,matrix-product-density-operator statement
thm:mpdo_sal_zcl_blocking_channels,src/chapter/ch21_mpdo_rfp_simple_local_refinement_channels_physical_coordinates.tex,theorem,tn,matrix-product-density-operator statement
thm:mpdo_sal_zcl_bnt_sector_structure,src/chapter/ch21_mpdo_rfp_simple_local_structure_capstone.tex,theorem,tn,matrix-product-density-operator statement
thm:mpdo_virtual_perBlockLinearExtension_bijective,src/chapter/ch21_mpdo_rfp_bnt_theorem_data.tex,theorem,tn,matrix-product-density-operator statement
thm:mpdo_virtual_perBlockLinearExtension_mul,src/chapter/ch21_mpdo_rfp_bnt_theorem_data.tex,theorem,tn,matrix-product-density-operator statement
thm:mpu_admissible_conjugation_even_rank,src/chapter/ch28_mpu.tex,theorem,tn,matrix-product-unitary statement
thm:mpu_admissible_conjugation_odd_rank,src/chapter/ch28_mpu.tex,theorem,tn,matrix-product-unitary statement
thm:mpu_admissible_fundamental,src/chapter/ch28_mpu.tex,theorem,tn,matrix-product-unitary statement
thm:mpu_admissible_index,src/chapter/ch28_mpu.tex,theorem,tn,matrix-product-unitary statement
thm:mpu_admissible_simple_tensor_equivalence,src/chapter/ch28_mpu.tex,theorem,tn,matrix-product-unitary statement
thm:mpu_source_u_complete_network,src/chapter/ch28_mpu.tex,theorem,tn,matrix-product-unitary statement
thm:mpu_source_v_complete_reduced_contraction,src/chapter/ch28_mpu.tex,theorem,tn,matrix-product-unitary statement
thm:normal_mps_parent_hamiltonian_gap,src/chapter/ch13_parent_hamiltonian_spectral_gap_martingale.tex,theorem,tn,parent-Hamiltonian statement
thm:peps_normalEdgeBlockingToInjectiveChain,src/chapter/ch24_peps_ft_normal_square_blocking_and_fundamental.tex,theorem,tn,projected-entangled-pair-state statement
thm:peps_tiNormalGaugeAbsorption,src/chapter/ch24_peps_ft_normal_square_blocking_and_fundamental.tex,theorem,tn,projected-entangled-pair-state statement
thm:periodic_ft,src/chapter/ch22_periodic_ft_equal_case_statement.tex,theorem,tn,periodic matrix-product-state statement
thm:periodic_ft_proportional,src/chapter/ch22_periodic_ft_overlap_sector_match_and_consequences.tex,theorem,tn,periodic matrix-product-state statement
thm:pgwsvc08_physical_string_order,src/chapter/ch12_symmetry_string_order.tex,theorem,tn,matrix-product-state symmetry statement
thm:pgwsvc08_physical_symmetry,src/chapter/ch12_symmetry_string_order.tex,theorem,tn,matrix-product-state symmetry statement
thm:schur_tfae,src/chapter/ch05_schwarz_schur_complement.tex,theorem,qic,matrix Schur-complement theorem
thm:spt_classification,src/chapter/ch12_symmetry_spt.tex,theorem,tn,matrix-product-state symmetry statement
threeMPU2,src/chapter/ch28_mpu.tex,definition,tn,matrix-product-unitary statement
